model name,gpu resource,batchsize,total latency,real exec times,avg latency
resnet50,10,4,7842.124607086182,200,39.210623035430906
vgg19,10,4,8044.096343994141,77,104.46878368823559

model name,gpu resource,batchsize,total latency,real exec times,avg latency
resnet50,10,8,13923.939918518066,200,69.61969959259034
vgg19,10,4,14215.186920166016,136,104.52343323651482

model name,gpu resource,batchsize,total latency,real exec times,avg latency
vgg19,10,4,21012.29222869873,200,105.06146114349366
resnet50,10,16,20632.670066833496,190,108.59300035175524

model name,gpu resource,batchsize,total latency,real exec times,avg latency
resnet50,10,4,7871.681930541992,200,39.35840965270996
vgg19,10,8,6760.136779785156,29,233.1081648201778

model name,gpu resource,batchsize,total latency,real exec times,avg latency
resnet50,10,8,13996.003662109375,200,69.98001831054688
vgg19,10,8,13549.752136230469,58,233.61641614190464

model name,gpu resource,batchsize,total latency,real exec times,avg latency
resnet50,10,16,21721.403381347656,200,108.60701690673828
vgg19,10,8,21950.855102539062,94,233.51973513339428

model name,gpu resource,batchsize,total latency,real exec times,avg latency
resnet50,10,4,7930.487194061279,200,39.6524359703064
vgg19,10,16,6188.342041015625,23,269.058349609375

model name,gpu resource,batchsize,total latency,real exec times,avg latency
resnet50,10,8,14045.260269165039,200,70.22630134582519
vgg19,10,16,12906.721405029297,48,268.89002927144367

model name,gpu resource,batchsize,total latency,real exec times,avg latency
resnet50,10,16,21857.459564208984,200,109.28729782104492
vgg19,10,16,21291.272979736328,79,269.5097845536244

model name,gpu resource,batchsize,total latency,real exec times,avg latency
resnet50,20,4,4269.067132949829,200,21.345335664749147
vgg19,10,4,4402.551681518555,41,107.37930930533061

model name,gpu resource,batchsize,total latency,real exec times,avg latency
resnet50,20,8,7454.106658935547,200,37.27053329467773
vgg19,10,4,7624.112434387207,71,107.38186527305925

model name,gpu resource,batchsize,total latency,real exec times,avg latency
resnet50,20,16,11564.480178833008,200,57.82240089416504
vgg19,10,4,11894.812484741211,110,108.13465895219282

model name,gpu resource,batchsize,total latency,real exec times,avg latency
resnet50,20,4,4239.439483642578,200,21.19719741821289
vgg19,10,8,2586.486572265625,11,235.13514293323863

model name,gpu resource,batchsize,total latency,real exec times,avg latency
resnet50,20,8,7425.534080505371,200,37.12767040252685
vgg19,10,8,6159.883636474609,26,236.9186014028696

model name,gpu resource,batchsize,total latency,real exec times,avg latency
resnet50,20,16,11504.15237045288,200,57.52076185226441
vgg19,10,8,10490.723037719727,44,238.42552358453923

model name,gpu resource,batchsize,total latency,real exec times,avg latency
resnet50,20,4,4272.643545150757,200,21.363217725753785
vgg19,10,16,2171.4881286621094,8,271.4360160827637

model name,gpu resource,batchsize,total latency,real exec times,avg latency
resnet50,20,8,7468.115009307861,200,37.34057504653931
vgg19,10,16,5443.4273681640625,20,272.17136840820314

model name,gpu resource,batchsize,total latency,real exec times,avg latency
resnet50,20,16,11570.096912384033,200,57.85048456192017
vgg19,10,16,10137.860656738281,37,273.9962339658995

model name,gpu resource,batchsize,total latency,real exec times,avg latency
resnet50,30,4,2829.6039428710938,200,14.148019714355469
vgg19,10,4,2981.4873275756836,27,110.42545657687717

model name,gpu resource,batchsize,total latency,real exec times,avg latency
resnet50,30,8,4954.809722900391,200,24.774048614501954
vgg19,10,4,5122.088264465332,46,111.34974487968113

model name,gpu resource,batchsize,total latency,real exec times,avg latency
resnet50,30,16,7592.3212966918945,200,37.96160648345947
vgg19,10,4,7797.297454833984,68,114.66613904167625

model name,gpu resource,batchsize,total latency,real exec times,avg latency
resnet50,30,4,2816.457530975342,200,14.082287654876708
vgg19,10,8,1205.510009765625,5,241.102001953125

model name,gpu resource,batchsize,total latency,real exec times,avg latency
resnet50,30,8,4929.263231277466,200,24.64631615638733
vgg19,10,8,3423.942642211914,14,244.5673315865653

model name,gpu resource,batchsize,total latency,real exec times,avg latency
resnet50,30,16,7535.087146759033,200,37.67543573379517
vgg19,10,8,6557.123489379883,26,252.19705728384164

model name,gpu resource,batchsize,total latency,real exec times,avg latency
resnet50,30,4,2842.8292503356934,200,14.214146251678466
vgg19,10,16,551.3381042480469,2,275.66905212402344

model name,gpu resource,batchsize,total latency,real exec times,avg latency
resnet50,30,8,4965.0313358306885,200,24.82515667915344
vgg19,10,16,2813.0882873535156,10,281.30882873535154

model name,gpu resource,batchsize,total latency,real exec times,avg latency
resnet50,30,16,7612.258819580078,200,38.061294097900394
vgg19,10,16,5522.2633056640625,19,290.6454371402138

model name,gpu resource,batchsize,total latency,real exec times,avg latency
resnet50,40,4,2416.244770050049,200,12.081223850250245
vgg19,10,4,2584.2858505249023,23,112.36025437064792

model name,gpu resource,batchsize,total latency,real exec times,avg latency
resnet50,40,8,3883.6721324920654,200,19.418360662460326
vgg19,10,4,4071.7332153320312,35,116.33523472377232

model name,gpu resource,batchsize,total latency,real exec times,avg latency
resnet50,40,16,6208.9848346710205,200,31.044924173355103
vgg19,10,4,6434.832786560059,53,121.4119393690577

model name,gpu resource,batchsize,total latency,real exec times,avg latency
resnet50,40,4,2414.7077131271362,200,12.073538565635682
vgg19,10,8,491.28857421875,2,245.644287109375

model name,gpu resource,batchsize,total latency,real exec times,avg latency
resnet50,40,8,3876.309825897217,200,19.381549129486086
vgg19,10,8,2291.340576171875,9,254.59339735243054

model name,gpu resource,batchsize,total latency,real exec times,avg latency
resnet50,40,16,6165.712251663208,200,30.82856125831604
vgg19,10,8,4566.559234619141,17,268.62113144818477

model name,gpu resource,batchsize,total latency,real exec times,avg latency
resnet50,40,4,2442.834557533264,200,12.214172787666321
vgg19,10,16,271.5237121582031,1,271.5237121582031

model name,gpu resource,batchsize,total latency,real exec times,avg latency
resnet50,40,8,3880.682285308838,200,19.40341142654419
vgg19,10,16,1460.3983154296875,5,292.0796630859375

model name,gpu resource,batchsize,total latency,real exec times,avg latency
resnet50,40,16,6221.588836669922,200,31.10794418334961
vgg19,10,16,3993.9239501953125,13,307.2249192457933

model name,gpu resource,batchsize,total latency,real exec times,avg latency
resnet50,50,4,2137.6073637008667,200,10.688036818504333
vgg19,10,4,2276.7163467407227,20,113.83581733703613

model name,gpu resource,batchsize,total latency,real exec times,avg latency
resnet50,50,8,3170.9562559127808,200,15.854781279563904
vgg19,10,4,3316.536636352539,27,122.83469023527923

model name,gpu resource,batchsize,total latency,real exec times,avg latency
resnet50,50,16,5281.236640930176,200,26.40618320465088
vgg19,10,4,5429.46223449707,41,132.42590815846512

model name,gpu resource,batchsize,total latency,real exec times,avg latency
resnet50,50,4,2119.847454071045,200,10.599237270355225
vgg19,10,8,243.31468200683594,1,243.31468200683594

model name,gpu resource,batchsize,total latency,real exec times,avg latency
resnet50,50,8,3143.3308811187744,200,15.716654405593872
vgg19,10,8,1341.5616455078125,5,268.3123291015625

model name,gpu resource,batchsize,total latency,real exec times,avg latency
resnet50,50,16,5237.675006866455,200,26.188375034332275
vgg19,10,8,3470.165069580078,12,289.18042246500653

model name,gpu resource,batchsize,total latency,real exec times,avg latency
resnet50,50,4,2146.8168296813965,200,10.734084148406982
vgg19,10,16,267.5038146972656,1,267.5038146972656

model name,gpu resource,batchsize,total latency,real exec times,avg latency
resnet50,50,8,3176.1008653640747,200,15.880504326820374
vgg19,10,16,596.6807861328125,2,298.34039306640625

model name,gpu resource,batchsize,total latency,real exec times,avg latency
resnet50,50,16,5303.1423988342285,200,26.51571199417114
vgg19,10,16,2622.9004821777344,8,327.8625602722168

model name,gpu resource,batchsize,total latency,real exec times,avg latency
resnet50,60,4,2098.068419456482,200,10.49034209728241
vgg19,10,4,2187.521240234375,19,115.1326968544408

model name,gpu resource,batchsize,total latency,real exec times,avg latency
resnet50,60,8,2950.0392570495605,200,14.750196285247803
vgg19,10,4,3057.9707641601562,24,127.41544850667317

model name,gpu resource,batchsize,total latency,real exec times,avg latency
resnet50,60,16,4844.372337341309,200,24.221861686706543
vgg19,10,4,5043.510070800781,36,140.09750196668836

model name,gpu resource,batchsize,total latency,real exec times,avg latency
resnet50,60,4,2115.266686439514,200,10.57633343219757
vgg19,10,8,242.57554626464844,1,242.57554626464844

model name,gpu resource,batchsize,total latency,real exec times,avg latency
resnet50,60,8,2915.3541774749756,200,14.576770887374877
vgg19,10,8,826.3895874023438,3,275.46319580078125

model name,gpu resource,batchsize,total latency,real exec times,avg latency
resnet50,60,16,4791.840438842773,200,23.959202194213866
vgg19,10,8,2780.5611267089844,9,308.9512363009983

model name,gpu resource,batchsize,total latency,real exec times,avg latency
resnet50,60,4,2090.1402225494385,200,10.450701112747192
vgg19,10,16,267.13970947265625,1,267.13970947265625

model name,gpu resource,batchsize,total latency,real exec times,avg latency
resnet50,60,8,2940.777313232422,200,14.70388656616211
vgg19,10,16,286.85516357421875,1,286.85516357421875

model name,gpu resource,batchsize,total latency,real exec times,avg latency
resnet50,60,16,4855.543922424316,200,24.277719612121583
vgg19,10,16,1753.8630676269531,5,350.7726135253906

model name,gpu resource,batchsize,total latency,real exec times,avg latency
resnet50,70,4,2063.891460418701,200,10.319457302093506
vgg19,10,4,2197.0195541381836,19,115.63260811253598

model name,gpu resource,batchsize,total latency,real exec times,avg latency
resnet50,70,8,2876.0091247558594,200,14.380045623779298
vgg19,10,4,3002.3129119873047,23,130.53534399944803

model name,gpu resource,batchsize,total latency,real exec times,avg latency
resnet50,70,16,4715.118421554565,200,23.575592107772827
vgg19,10,4,4927.983169555664,34,144.94068145751953

model name,gpu resource,batchsize,total latency,real exec times,avg latency
resnet50,70,4,2152.468894958496,200,10.76234447479248
vgg19,10,8,249.90272521972656,1,249.90272521972656

model name,gpu resource,batchsize,total latency,real exec times,avg latency
resnet50,70,8,2841.253185272217,200,14.206265926361084
vgg19,10,8,824.3963775634766,3,274.7987925211589

model name,gpu resource,batchsize,total latency,real exec times,avg latency
resnet50,70,16,4678.141820907593,200,23.390709104537965
vgg19,10,8,2255.8138427734375,7,322.25912039620533

model name,gpu resource,batchsize,total latency,real exec times,avg latency
resnet50,70,4,2072.9197721481323,200,10.364598860740662
vgg19,10,16,267.1919860839844,1,267.1919860839844

model name,gpu resource,batchsize,total latency,real exec times,avg latency
resnet50,70,8,2887.066143989563,200,14.435330719947816
vgg19,10,16,271.7571716308594,1,271.7571716308594

model name,gpu resource,batchsize,total latency,real exec times,avg latency
resnet50,70,16,4729.954763412476,200,23.64977381706238
vgg19,10,16,1470.5976257324219,4,367.64940643310547

model name,gpu resource,batchsize,total latency,real exec times,avg latency
resnet50,80,4,2072.5918712615967,200,10.362959356307984
vgg19,10,4,2198.938056945801,19,115.73358194451583

model name,gpu resource,batchsize,total latency,real exec times,avg latency
resnet50,80,8,2647.0421390533447,200,13.235210695266723
vgg19,10,4,2720.2418823242188,20,136.01209411621093

model name,gpu resource,batchsize,total latency,real exec times,avg latency
resnet50,80,16,4423.311933517456,200,22.116559667587282
vgg19,10,4,4545.649200439453,29,156.74652415308458

model name,gpu resource,batchsize,total latency,real exec times,avg latency
resnet50,80,4,2169.2750396728516,200,10.846375198364258
vgg19,10,8,246.65087890625,1,246.65087890625

model name,gpu resource,batchsize,total latency,real exec times,avg latency
resnet50,80,8,2627.656991958618,200,13.13828495979309
vgg19,10,8,547.8609313964844,2,273.9304656982422

model name,gpu resource,batchsize,total latency,real exec times,avg latency
resnet50,80,16,4377.926029205322,200,21.88963014602661
vgg19,10,8,1744.8764953613281,5,348.9752990722656

model name,gpu resource,batchsize,total latency,real exec times,avg latency
resnet50,80,4,2088.8634548187256,200,10.444317274093628
vgg19,10,16,267.4374084472656,1,267.4374084472656

model name,gpu resource,batchsize,total latency,real exec times,avg latency
resnet50,80,8,2669.020673751831,200,13.345103368759155
vgg19,10,16,269.3713073730469,1,269.3713073730469

model name,gpu resource,batchsize,total latency,real exec times,avg latency
resnet50,80,16,4419.547714233398,200,22.097738571166992
vgg19,10,16,1089.7043762207031,3,363.2347920735677

model name,gpu resource,batchsize,total latency,real exec times,avg latency
resnet50,90,4,1996.8026885986328,200,9.984013442993165
vgg19,10,4,2133.374313354492,18,118.52079518636067

model name,gpu resource,batchsize,total latency,real exec times,avg latency
resnet50,90,8,2515.2789421081543,200,12.576394710540772
vgg19,10,4,2598.884521484375,19,136.78339586759867

model name,gpu resource,batchsize,total latency,real exec times,avg latency
resnet50,90,16,4159.054306030273,200,20.795271530151368
vgg19,10,4,4346.131546020508,27,160.9678350377966

model name,gpu resource,batchsize,total latency,real exec times,avg latency
resnet50,90,4,1924.0727052688599,200,9.620363526344299
vgg19,10,8,233.1551055908203,1,233.1551055908203

model name,gpu resource,batchsize,total latency,real exec times,avg latency
resnet50,90,8,2497.831196784973,200,12.489155983924865
vgg19,10,8,259.33245849609375,1,259.33245849609375

model name,gpu resource,batchsize,total latency,real exec times,avg latency
resnet50,90,16,4133.455131530762,200,20.667275657653807
vgg19,10,8,1728.2188415527344,5,345.6437683105469

model name,gpu resource,batchsize,total latency,real exec times,avg latency
resnet50,90,4,1984.0440607070923,200,9.920220303535462
vgg19,10,16,267.49884033203125,1,267.49884033203125

model name,gpu resource,batchsize,total latency,real exec times,avg latency
resnet50,90,8,2521.4097929000854,200,12.607048964500427
vgg19,10,16,269.2389831542969,1,269.2389831542969

model name,gpu resource,batchsize,total latency,real exec times,avg latency
resnet50,90,16,4174.864225387573,200,20.874321126937865
vgg19,10,16,702.7960815429688,2,351.3980407714844

model name,gpu resource,batchsize,total latency,real exec times,avg latency
resnet50,10,4,8032.794132232666,200,40.16397066116333
vgg19,20,4,8228.104988098145,154,53.429253169468474

model name,gpu resource,batchsize,total latency,real exec times,avg latency
vgg19,20,4,10673.100067138672,200,53.36550033569336
resnet50,10,8,10483.771209716797,148,70.83629195754592

model name,gpu resource,batchsize,total latency,real exec times,avg latency
vgg19,20,4,10672.650390625,200,53.363251953125
resnet50,10,16,10316.96255493164,94,109.75492079714512

model name,gpu resource,batchsize,total latency,real exec times,avg latency
resnet50,10,4,7984.533222198486,200,39.92266611099243
vgg19,20,8,8221.209358215332,70,117.44584797450474

model name,gpu resource,batchsize,total latency,real exec times,avg latency
resnet50,10,8,14116.847785949707,200,70.58423892974854
vgg19,20,8,14448.793090820312,123,117.4698625269944

model name,gpu resource,batchsize,total latency,real exec times,avg latency
resnet50,10,16,22037.81484222412,200,110.18907421112061
vgg19,20,8,22455.42088317871,190,118.18642570094059

model name,gpu resource,batchsize,total latency,real exec times,avg latency
resnet50,10,4,8114.265228271484,200,40.571326141357424
vgg19,20,16,8370.094024658203,61,137.21465614193775

model name,gpu resource,batchsize,total latency,real exec times,avg latency
resnet50,10,8,14317.128433227539,200,71.58564216613769
vgg19,20,16,14687.795654296875,107,137.26911826445678

model name,gpu resource,batchsize,total latency,real exec times,avg latency
resnet50,10,16,22321.797897338867,200,111.60898948669434
vgg19,20,16,22749.446823120117,165,137.87543529163707

model name,gpu resource,batchsize,total latency,real exec times,avg latency
resnet50,20,4,4377.4773597717285,200,21.887386798858643
vgg19,20,4,4499.923011779785,82,54.87710989975348

model name,gpu resource,batchsize,total latency,real exec times,avg latency
resnet50,20,8,7629.783920288086,200,38.14891960144043
vgg19,20,4,7835.991863250732,143,54.79714589685827

model name,gpu resource,batchsize,total latency,real exec times,avg latency
vgg19,20,4,11048.34825515747,200,55.241741275787355
resnet50,20,16,10844.826095581055,183,59.26134478459593

model name,gpu resource,batchsize,total latency,real exec times,avg latency
resnet50,20,4,4341.815584182739,200,21.709077920913696
vgg19,20,8,4551.189567565918,38,119.76814651489258

model name,gpu resource,batchsize,total latency,real exec times,avg latency
resnet50,20,8,7581.479530334473,200,37.90739765167236
vgg19,20,8,7819.897148132324,65,120.30610997126652

model name,gpu resource,batchsize,total latency,real exec times,avg latency
resnet50,20,16,11763.165462493896,200,58.81582731246948
vgg19,20,8,12019.905197143555,99,121.41318380953085

model name,gpu resource,batchsize,total latency,real exec times,avg latency
resnet50,20,4,4398.105756759644,200,21.99052878379822
vgg19,20,16,4587.557891845703,33,139.01690581350616

model name,gpu resource,batchsize,total latency,real exec times,avg latency
resnet50,20,8,7668.143466949463,200,38.34071733474732
vgg19,20,16,7972.730682373047,57,139.87246811180785

model name,gpu resource,batchsize,total latency,real exec times,avg latency
resnet50,20,16,11921.580875396729,200,59.60790437698364
vgg19,20,16,12293.27359008789,87,141.30199528836656

model name,gpu resource,batchsize,total latency,real exec times,avg latency
resnet50,30,4,2915.4785528182983,200,14.577392764091492
vgg19,20,4,3048.1713256835938,54,56.44761714228877

model name,gpu resource,batchsize,total latency,real exec times,avg latency
resnet50,30,8,5097.260101318359,200,25.486300506591796
vgg19,20,4,5228.691143035889,92,56.83359938082488

model name,gpu resource,batchsize,total latency,real exec times,avg latency
resnet50,30,16,7889.045684814453,200,39.44522842407227
vgg19,20,4,8073.062633514404,137,58.927464478207334

model name,gpu resource,batchsize,total latency,real exec times,avg latency
resnet50,30,4,2882.567617416382,200,14.412838087081909
vgg19,20,8,3060.934959411621,25,122.43739837646484

model name,gpu resource,batchsize,total latency,real exec times,avg latency
resnet50,30,8,5048.534778594971,200,25.242673892974853
vgg19,20,8,5239.387008666992,42,124.74730973016648

model name,gpu resource,batchsize,total latency,real exec times,avg latency
resnet50,30,16,7773.1209716796875,200,38.865604858398434
vgg19,20,8,8032.512405395508,62,129.55665169992756

model name,gpu resource,batchsize,total latency,real exec times,avg latency
resnet50,30,4,2924.742437362671,200,14.623712186813355
vgg19,20,16,3129.884246826172,22,142.267465764826

model name,gpu resource,batchsize,total latency,real exec times,avg latency
resnet50,30,8,5115.214225769043,200,25.576071128845214
vgg19,20,16,5365.115463256836,37,145.00312062856312

model name,gpu resource,batchsize,total latency,real exec times,avg latency
resnet50,30,16,7929.145866394043,200,39.645729331970216
vgg19,20,16,8178.912460327148,54,151.46134185791016

model name,gpu resource,batchsize,total latency,real exec times,avg latency
resnet50,40,4,2483.728734970093,200,12.418643674850465
vgg19,20,4,2574.2233238220215,45,57.204962751600476

model name,gpu resource,batchsize,total latency,real exec times,avg latency
resnet50,40,8,4012.78409576416,200,20.0639204788208
vgg19,20,4,4166.922870635986,70,59.527469580514094

model name,gpu resource,batchsize,total latency,real exec times,avg latency
resnet50,40,16,6471.9927978515625,200,32.359963989257814
vgg19,20,4,6648.211101531982,106,62.7189726559621

model name,gpu resource,batchsize,total latency,real exec times,avg latency
resnet50,40,4,2492.040927886963,200,12.460204639434814
vgg19,20,8,2628.1688232421875,21,125.15089634486607

model name,gpu resource,batchsize,total latency,real exec times,avg latency
resnet50,40,8,3961.340715408325,200,19.806703577041628
vgg19,20,8,4168.684066772461,32,130.2713770866394

model name,gpu resource,batchsize,total latency,real exec times,avg latency
resnet50,40,16,6381.822450637817,200,31.909112253189086
vgg19,20,8,6625.817405700684,48,138.03786261876425

model name,gpu resource,batchsize,total latency,real exec times,avg latency
resnet50,40,4,2499.7666845321655,200,12.498833422660828
vgg19,20,16,2605.955093383789,18,144.77528296576605

model name,gpu resource,batchsize,total latency,real exec times,avg latency
resnet50,40,8,4033.189989089966,200,20.165949945449828
vgg19,20,16,4249.622039794922,28,151.7722157069615

model name,gpu resource,batchsize,total latency,real exec times,avg latency
resnet50,40,16,6524.0718059539795,200,32.6203590297699
vgg19,20,16,6785.313369750977,42,161.55508023216612

model name,gpu resource,batchsize,total latency,real exec times,avg latency
resnet50,50,4,2210.535964012146,200,11.05267982006073
vgg19,20,4,2287.135326385498,39,58.64449554834611

model name,gpu resource,batchsize,total latency,real exec times,avg latency
resnet50,50,8,3308.570285797119,200,16.542851428985596
vgg19,20,4,3412.4708824157715,54,63.1939052299217

model name,gpu resource,batchsize,total latency,real exec times,avg latency
resnet50,50,16,5499.13743019104,200,27.4956871509552
vgg19,20,4,5652.807472229004,83,68.10611412324101

model name,gpu resource,batchsize,total latency,real exec times,avg latency
resnet50,50,4,2170.250663757324,200,10.851253318786622
vgg19,20,8,2280.555290222168,18,126.69751612345378

model name,gpu resource,batchsize,total latency,real exec times,avg latency
resnet50,50,8,3257.271653175354,200,16.28635826587677
vgg19,20,8,3450.972785949707,25,138.03891143798828

model name,gpu resource,batchsize,total latency,real exec times,avg latency
resnet50,50,16,5429.924894332886,200,27.149624471664428
vgg19,20,8,5580.545883178711,37,150.82556441023544

model name,gpu resource,batchsize,total latency,real exec times,avg latency
resnet50,50,4,2058.2160329818726,200,10.291080164909364
vgg19,20,16,2087.709686279297,14,149.1221204485212

model name,gpu resource,batchsize,total latency,real exec times,avg latency
resnet50,50,8,3330.1770009994507,200,16.650885004997253
vgg19,20,16,3540.7186737060547,22,160.94175789572975

model name,gpu resource,batchsize,total latency,real exec times,avg latency
resnet50,50,16,5545.885879516602,200,27.729429397583008
vgg19,20,16,5800.6884765625,33,175.77843868371212

model name,gpu resource,batchsize,total latency,real exec times,avg latency
resnet50,60,4,2132.0866556167603,200,10.6604332780838
vgg19,20,4,2184.144859313965,37,59.03094214362067

model name,gpu resource,batchsize,total latency,real exec times,avg latency
resnet50,60,8,3089.492928504944,200,15.44746464252472
vgg19,20,4,3213.0512657165527,49,65.57247481054189

model name,gpu resource,batchsize,total latency,real exec times,avg latency
resnet50,60,16,5037.091367721558,200,25.185456838607788
vgg19,20,4,5197.797500610352,72,72.19163195292155

model name,gpu resource,batchsize,total latency,real exec times,avg latency
resnet50,60,4,2104.13280582428,200,10.520664029121399
vgg19,20,8,2178.9238815307617,17,128.1719930312213

model name,gpu resource,batchsize,total latency,real exec times,avg latency
resnet50,60,8,3035.134337425232,200,15.17567168712616
vgg19,20,8,3156.074737548828,22,143.4579426158558

model name,gpu resource,batchsize,total latency,real exec times,avg latency
resnet50,60,16,4972.514175415039,200,24.862570877075196
vgg19,20,8,5127.230499267578,32,160.22595310211182

model name,gpu resource,batchsize,total latency,real exec times,avg latency
resnet50,60,4,2189.2186822891235,200,10.946093411445618
vgg19,20,16,2235.580764770508,15,149.0387176513672

model name,gpu resource,batchsize,total latency,real exec times,avg latency
resnet50,60,8,3099.55322265625,200,15.49776611328125
vgg19,20,16,3181.642074584961,19,167.45484603078742

model name,gpu resource,batchsize,total latency,real exec times,avg latency
resnet50,60,16,5079.73104095459,200,25.39865520477295
vgg19,20,16,5245.693557739258,28,187.34619849068778

model name,gpu resource,batchsize,total latency,real exec times,avg latency
resnet50,70,4,2114.4638385772705,200,10.572319192886352
vgg19,20,4,2193.6835861206055,37,59.288745570827174

model name,gpu resource,batchsize,total latency,real exec times,avg latency
resnet50,70,8,2983.6080646514893,200,14.918040323257447
vgg19,20,4,3097.669364929199,46,67.34063836802606

model name,gpu resource,batchsize,total latency,real exec times,avg latency
resnet50,70,16,4919.005445480347,200,24.595027227401733
vgg19,20,4,5069.170227050781,68,74.5466209860409

model name,gpu resource,batchsize,total latency,real exec times,avg latency
resnet50,70,4,2067.2840642929077,200,10.336420321464539
vgg19,20,8,2195.1321868896484,17,129.12542275821463

model name,gpu resource,batchsize,total latency,real exec times,avg latency
resnet50,70,8,2946.1649599075317,200,14.73082479953766
vgg19,20,8,3089.517303466797,21,147.119871593657

model name,gpu resource,batchsize,total latency,real exec times,avg latency
resnet50,70,16,4843.579719543457,200,24.217898597717284
vgg19,20,8,4993.002944946289,30,166.43343149820964

model name,gpu resource,batchsize,total latency,real exec times,avg latency
resnet50,70,4,2145.4988193511963,200,10.727494096755981
vgg19,20,16,2275.1224212646484,15,151.6748280843099

model name,gpu resource,batchsize,total latency,real exec times,avg latency
resnet50,70,8,3007.4249629974365,200,15.037124814987182
vgg19,20,16,3067.1773986816406,18,170.39874437120227

model name,gpu resource,batchsize,total latency,real exec times,avg latency
resnet50,70,16,4949.391403198242,200,24.74695701599121
vgg19,20,16,5202.413314819336,27,192.68197462293836

model name,gpu resource,batchsize,total latency,real exec times,avg latency
resnet50,80,4,2134.8721895217896,200,10.674360947608948
vgg19,20,4,2205.0195503234863,37,59.595122981715846

model name,gpu resource,batchsize,total latency,real exec times,avg latency
resnet50,80,8,2765.632453918457,200,13.828162269592285
vgg19,20,4,2862.277313232422,41,69.81164178615663

model name,gpu resource,batchsize,total latency,real exec times,avg latency
resnet50,80,16,4605.525230407715,200,23.027626152038575
vgg19,20,4,4735.173042297363,59,80.25717020842988

model name,gpu resource,batchsize,total latency,real exec times,avg latency
resnet50,80,4,2150.794436454773,200,10.753972182273865
vgg19,20,8,2198.8487854003906,17,129.34404620002297

model name,gpu resource,batchsize,total latency,real exec times,avg latency
resnet50,80,8,2731.562653541565,200,13.657813267707825
vgg19,20,8,2909.229782104492,19,153.11735695286802

model name,gpu resource,batchsize,total latency,real exec times,avg latency
resnet50,80,16,4515.0323486328125,200,22.575161743164063
vgg19,20,8,4643.558380126953,26,178.59839923565204

model name,gpu resource,batchsize,total latency,real exec times,avg latency
resnet50,80,4,2138.966724395752,200,10.69483362197876
vgg19,20,16,2123.4617462158203,14,151.67583901541573

model name,gpu resource,batchsize,total latency,real exec times,avg latency
resnet50,80,8,2776.18367767334,200,13.8809183883667
vgg19,20,16,3002.553939819336,17,176.6208199893727

model name,gpu resource,batchsize,total latency,real exec times,avg latency
resnet50,80,16,4612.666982650757,200,23.063334913253783
vgg19,20,16,4778.750747680664,23,207.77177163828975

model name,gpu resource,batchsize,total latency,real exec times,avg latency
vgg19,30,4,6614.904151916504,200,33.07452075958252
resnet50,10,4,6469.967250823975,157,41.20998248932468

model name,gpu resource,batchsize,total latency,real exec times,avg latency
vgg19,30,4,6603.084667205811,200,33.01542333602905
resnet50,10,8,6373.828765869141,88,72.42987233942205

model name,gpu resource,batchsize,total latency,real exec times,avg latency
vgg19,30,4,6624.167663574219,200,33.12083831787109
resnet50,10,16,6316.6796798706055,56,112.7978514262608

model name,gpu resource,batchsize,total latency,real exec times,avg latency
resnet50,10,4,8266.80937576294,200,41.334046878814696
vgg19,30,8,8471.55396270752,116,73.03063760954758

model name,gpu resource,batchsize,total latency,real exec times,avg latency
vgg19,30,8,14555.554695129395,200,72.77777347564697
resnet50,10,8,14296.185279846191,197,72.56946842561518

model name,gpu resource,batchsize,total latency,real exec times,avg latency
vgg19,30,8,14659.072479248047,200,73.29536239624024
resnet50,10,16,14292.7412109375,126,113.43445405505952

model name,gpu resource,batchsize,total latency,real exec times,avg latency
resnet50,10,4,8467.104370117188,200,42.335521850585934
vgg19,30,16,8739.722640991211,101,86.53190733654664

model name,gpu resource,batchsize,total latency,real exec times,avg latency
resnet50,10,8,14933.6206741333,200,74.6681033706665
vgg19,30,16,15323.265617370605,176,87.06400918960571

model name,gpu resource,batchsize,total latency,real exec times,avg latency
vgg19,30,16,17517.170455932617,200,87.58585227966309
resnet50,10,16,17147.852394104004,147,116.65205710274833

model name,gpu resource,batchsize,total latency,real exec times,avg latency
resnet50,20,4,4508.536184310913,200,22.542680921554567
vgg19,30,4,4616.540550231934,136,33.94515110464657

model name,gpu resource,batchsize,total latency,real exec times,avg latency
vgg19,30,4,6807.596153259277,200,34.037980766296386
resnet50,20,8,6654.181419372559,169,39.37385455250035

model name,gpu resource,batchsize,total latency,real exec times,avg latency
vgg19,30,4,6906.864776611328,200,34.53432388305664
resnet50,20,16,6709.939796447754,109,61.55908070135554

model name,gpu resource,batchsize,total latency,real exec times,avg latency
resnet50,20,4,4506.168493270874,200,22.530842466354372
vgg19,30,8,4690.143104553223,63,74.44671594528924

model name,gpu resource,batchsize,total latency,real exec times,avg latency
resnet50,20,8,7868.0965003967285,200,39.340482501983644
vgg19,30,8,8103.9188232421875,108,75.03628540039062

model name,gpu resource,batchsize,total latency,real exec times,avg latency
resnet50,20,16,12240.22575378418,200,61.201128768920896
vgg19,30,8,12538.041831970215,165,75.988132314971

model name,gpu resource,batchsize,total latency,real exec times,avg latency
resnet50,20,4,4641.737119674683,200,23.208685598373414
vgg19,30,16,4775.757179260254,54,88.43994776407878

model name,gpu resource,batchsize,total latency,real exec times,avg latency
resnet50,20,8,8094.133449554443,200,40.47066724777222
vgg19,30,16,8313.66291809082,93,89.39422492570775

model name,gpu resource,batchsize,total latency,real exec times,avg latency
resnet50,20,16,12702.760299682617,200,63.51380149841309
vgg19,30,16,12971.071960449219,142,91.3455771862621

model name,gpu resource,batchsize,total latency,real exec times,avg latency
resnet50,30,4,3052.6244192123413,200,15.263122096061707
vgg19,30,4,3144.5063667297363,89,35.331532210446476

model name,gpu resource,batchsize,total latency,real exec times,avg latency
resnet50,30,8,5347.070774078369,200,26.735353870391847
vgg19,30,4,5485.80549621582,153,35.85493788376353

model name,gpu resource,batchsize,total latency,real exec times,avg latency
vgg19,30,4,7450.370189666748,200,37.25185094833374
resnet50,30,16,7322.515472412109,177,41.37014391193282

model name,gpu resource,batchsize,total latency,real exec times,avg latency
resnet50,30,4,3029.396502494812,200,15.146982512474061
vgg19,30,8,3147.878593444824,41,76.77752666938596

model name,gpu resource,batchsize,total latency,real exec times,avg latency
resnet50,30,8,5306.210578918457,200,26.531052894592285
vgg19,30,8,5509.512809753418,70,78.70732585362026

model name,gpu resource,batchsize,total latency,real exec times,avg latency
resnet50,30,16,8188.253391265869,200,40.94126695632934
vgg19,30,8,8391.368492126465,102,82.26831855025947

model name,gpu resource,batchsize,total latency,real exec times,avg latency
resnet50,30,4,3133.7665281295776,200,15.668832640647889
vgg19,30,16,3296.480194091797,36,91.5688942803277

model name,gpu resource,batchsize,total latency,real exec times,avg latency
resnet50,30,8,5503.941474914551,200,27.519707374572754
vgg19,30,16,5662.269821166992,60,94.37116368611653

model name,gpu resource,batchsize,total latency,real exec times,avg latency
resnet50,30,16,8532.455829620361,200,42.66227914810181
vgg19,30,16,8810.7494430542,89,98.99718475341797

model name,gpu resource,batchsize,total latency,real exec times,avg latency
resnet50,40,4,2609.4085149765015,200,13.047042574882507
vgg19,30,4,2701.013027191162,75,36.013507029215496

model name,gpu resource,batchsize,total latency,real exec times,avg latency
resnet50,40,8,4220.680431365967,200,21.103402156829834
vgg19,30,4,4334.136470794678,115,37.68814322430155

model name,gpu resource,batchsize,total latency,real exec times,avg latency
resnet50,40,16,6793.422325134277,200,33.967111625671386
vgg19,30,4,6936.379905700684,175,39.636456604003904

model name,gpu resource,batchsize,total latency,real exec times,avg latency
resnet50,40,4,2600.3152408599854,200,13.001576204299926
vgg19,30,8,2756.059829711914,35,78.74456656319755

model name,gpu resource,batchsize,total latency,real exec times,avg latency
resnet50,40,8,4179.270851135254,200,20.89635425567627
vgg19,30,8,4298.677841186523,52,82.6668815612793

model name,gpu resource,batchsize,total latency,real exec times,avg latency
resnet50,40,16,6736.093425750732,200,33.68046712875366
vgg19,30,8,6930.729057312012,79,87.73074756091154

model name,gpu resource,batchsize,total latency,real exec times,avg latency
resnet50,40,4,2685.7518768310547,200,13.428759384155274
vgg19,30,16,2811.8759536743164,30,93.72919845581055

model name,gpu resource,batchsize,total latency,real exec times,avg latency
resnet50,40,8,4332.909759521484,200,21.664548797607424
vgg19,30,16,4446.07479095459,45,98.8016620212131

model name,gpu resource,batchsize,total latency,real exec times,avg latency
resnet50,40,16,7018.537693023682,200,35.09268846511841
vgg19,30,16,7201.064910888672,68,105.89801339542164

model name,gpu resource,batchsize,total latency,real exec times,avg latency
resnet50,50,4,2101.8278379440308,200,10.509139189720154
vgg19,30,4,2173.8749771118164,58,37.480603053652004

model name,gpu resource,batchsize,total latency,real exec times,avg latency
resnet50,50,8,3475.829694747925,200,17.379148473739622
vgg19,30,4,3592.9505882263184,90,39.92167320251465

model name,gpu resource,batchsize,total latency,real exec times,avg latency
resnet50,50,16,5765.74196434021,200,28.82870982170105
vgg19,30,4,5925.256183624268,138,42.936639011770055

model name,gpu resource,batchsize,total latency,real exec times,avg latency
resnet50,50,4,2163.0259227752686,200,10.815129613876342
vgg19,30,8,2270.2153244018555,28,81.0791187286377

model name,gpu resource,batchsize,total latency,real exec times,avg latency
resnet50,50,8,3444.1463947296143,200,17.22073197364807
vgg19,30,8,3597.389320373535,41,87.74120293593988

model name,gpu resource,batchsize,total latency,real exec times,avg latency
resnet50,50,16,5716.620740890503,200,28.583103704452515
vgg19,30,8,5911.388526916504,62,95.34497624058878

model name,gpu resource,batchsize,total latency,real exec times,avg latency
resnet50,50,4,2147.426693916321,200,10.737133469581604
vgg19,30,16,2249.5980377197266,23,97.80861033564028

model name,gpu resource,batchsize,total latency,real exec times,avg latency
resnet50,50,8,3570.08762550354,200,17.8504381275177
vgg19,30,16,3688.1208724975586,35,105.37488207135881

model name,gpu resource,batchsize,total latency,real exec times,avg latency
resnet50,50,16,5936.636375427246,200,29.68318187713623
vgg19,30,16,6075.522964477539,53,114.63250876372715

model name,gpu resource,batchsize,total latency,real exec times,avg latency
resnet50,60,4,2084.688133239746,200,10.423440666198731
vgg19,30,4,2151.588794708252,57,37.74717183698688

model name,gpu resource,batchsize,total latency,real exec times,avg latency
resnet50,60,8,3232.315361022949,200,16.161576805114745
vgg19,30,4,3342.483814239502,81,41.265232274561754

model name,gpu resource,batchsize,total latency,real exec times,avg latency
resnet50,60,16,5300.572160720825,200,26.502860803604126
vgg19,30,4,5434.513771057129,119,45.66818295005991

model name,gpu resource,batchsize,total latency,real exec times,avg latency
resnet50,60,4,2191.9473838806152,200,10.959736919403076
vgg19,30,8,2274.3334732055664,28,81.22619547162738

model name,gpu resource,batchsize,total latency,real exec times,avg latency
resnet50,60,8,3188.171552658081,200,15.940857763290404
vgg19,30,8,3342.4978408813477,37,90.33777948327966

model name,gpu resource,batchsize,total latency,real exec times,avg latency
resnet50,60,16,5230.617198944092,200,26.15308599472046
vgg19,30,8,5364.205207824707,53,101.21141901556051

model name,gpu resource,batchsize,total latency,real exec times,avg latency
resnet50,60,4,2154.55398273468,200,10.7727699136734
vgg19,30,16,2253.895133972168,23,97.99544060748556

model name,gpu resource,batchsize,total latency,real exec times,avg latency
resnet50,60,8,3325.0083208084106,200,16.625041604042053
vgg19,30,16,3470.3791122436523,32,108.44934725761414

model name,gpu resource,batchsize,total latency,real exec times,avg latency
resnet50,60,16,5438.49426651001,200,27.19247133255005
vgg19,30,16,5583.16618347168,46,121.37317790155825

model name,gpu resource,batchsize,total latency,real exec times,avg latency
resnet50,70,4,2120.6952686309814,200,10.603476343154908
vgg19,30,4,2210.305850982666,58,38.10872156866665

model name,gpu resource,batchsize,total latency,real exec times,avg latency
resnet50,70,8,3135.205593109131,200,15.676027965545654
vgg19,30,4,3244.8639945983887,77,42.141090838940116

model name,gpu resource,batchsize,total latency,real exec times,avg latency
resnet50,70,16,5170.725378036499,200,25.853626890182497
vgg19,30,4,5292.4686851501465,112,47.254184688840596

model name,gpu resource,batchsize,total latency,real exec times,avg latency
resnet50,70,4,2117.763105392456,200,10.58881552696228
vgg19,30,8,2223.1316833496094,27,82.33821049442997

model name,gpu resource,batchsize,total latency,real exec times,avg latency
resnet50,70,8,3104.067614555359,200,15.520338072776795
vgg19,30,8,3240.7451248168945,35,92.59271785191127

model name,gpu resource,batchsize,total latency,real exec times,avg latency
resnet50,70,16,5077.673021316528,200,25.38836510658264
vgg19,30,8,5244.395042419434,50,104.88790084838867

model name,gpu resource,batchsize,total latency,real exec times,avg latency
resnet50,70,4,2088.306721687317,200,10.441533608436584
vgg19,30,16,2179.9550170898438,22,99.08886441317472

model name,gpu resource,batchsize,total latency,real exec times,avg latency
resnet50,70,8,3222.65372467041,200,16.113268623352052
vgg19,30,16,3320.3327102661133,30,110.67775700887044

model name,gpu resource,batchsize,total latency,real exec times,avg latency
resnet50,70,16,5286.728031158447,200,26.433640155792236
vgg19,30,16,5502.137046813965,44,125.04856924577193

model name,gpu resource,batchsize,total latency,real exec times,avg latency
vgg19,40,4,5133.955099105835,200,25.669775495529176
resnet50,10,4,4986.207801818848,118,42.25599832049871

model name,gpu resource,batchsize,total latency,real exec times,avg latency
vgg19,40,4,5133.184196472168,200,25.66592098236084
resnet50,10,8,4897.159446716309,66,74.1993855563077

model name,gpu resource,batchsize,total latency,real exec times,avg latency
vgg19,40,4,5157.193958282471,200,25.785969791412352
resnet50,10,16,4869.50927734375,42,115.9406970796131

model name,gpu resource,batchsize,total latency,real exec times,avg latency
vgg19,40,8,8824.57873916626,200,44.1228936958313
resnet50,10,4,8655.770347595215,197,43.937920546168606

model name,gpu resource,batchsize,total latency,real exec times,avg latency
vgg19,40,8,8863.920993804932,200,44.31960496902466
resnet50,10,8,8622.100700378418,112,76.98304196766445

model name,gpu resource,batchsize,total latency,real exec times,avg latency
vgg19,40,8,8950.36003112793,200,44.75180015563965
resnet50,10,16,8668.050788879395,72,120.38959428999159

model name,gpu resource,batchsize,total latency,real exec times,avg latency
resnet50,10,4,9370.009475708008,200,46.85004737854004
vgg19,40,16,9577.057430267334,178,53.803693428468165

model name,gpu resource,batchsize,total latency,real exec times,avg latency
vgg19,40,16,10811.511123657227,200,54.05755561828613
resnet50,10,8,10580.330619812012,130,81.38715861393855

model name,gpu resource,batchsize,total latency,real exec times,avg latency
vgg19,40,16,10919.36276626587,200,54.59681383132934
resnet50,10,16,10595.249076843262,83,127.65360333546099

model name,gpu resource,batchsize,total latency,real exec times,avg latency
resnet50,20,4,4668.708770751953,200,23.343543853759765
vgg19,40,4,4787.08727645874,180,26.59492931365967

model name,gpu resource,batchsize,total latency,real exec times,avg latency
vgg19,40,4,5361.148061752319,200,26.805740308761596
resnet50,20,8,5225.138454437256,128,40.82139417529106

model name,gpu resource,batchsize,total latency,real exec times,avg latency
vgg19,40,4,5441.485954284668,200,27.20742977142334
resnet50,20,16,5233.003231048584,82,63.81711257376322

model name,gpu resource,batchsize,total latency,real exec times,avg latency
resnet50,20,4,4864.8057289123535,200,24.324028644561768
vgg19,40,8,5008.681560516357,110,45.533468731966884

model name,gpu resource,batchsize,total latency,real exec times,avg latency
resnet50,20,8,8468.106369018555,200,42.34053184509278
vgg19,40,8,8660.701721191406,188,46.0675623467628

model name,gpu resource,batchsize,total latency,real exec times,avg latency
vgg19,40,8,9414.088665008545,200,47.070443325042724
resnet50,20,16,9242.085758209229,139,66.48982559862755

model name,gpu resource,batchsize,total latency,real exec times,avg latency
resnet50,20,4,5216.00341796875,200,26.08001708984375
vgg19,40,16,5373.780601501465,97,55.399800015479016

model name,gpu resource,batchsize,total latency,real exec times,avg latency
resnet50,20,8,9028.078063964844,200,45.14039031982422
vgg19,40,16,9221.421752929688,164,56.228181420302974

model name,gpu resource,batchsize,total latency,real exec times,avg latency
vgg19,40,16,11512.064098358154,200,57.56032049179077
resnet50,20,16,11301.867202758789,159,71.08092580351439

model name,gpu resource,batchsize,total latency,real exec times,avg latency
resnet50,30,4,3167.3178873062134,200,15.836589436531067
vgg19,40,4,3272.6237754821777,118,27.734099792221844

model name,gpu resource,batchsize,total latency,real exec times,avg latency
vgg19,40,4,5652.812984466553,200,28.264064922332764
resnet50,30,8,5547.83734703064,200,27.739186735153197

model name,gpu resource,batchsize,total latency,real exec times,avg latency
vgg19,40,4,5879.162881851196,200,29.39581440925598
resnet50,30,16,5752.190174102783,134,42.92679234405062

model name,gpu resource,batchsize,total latency,real exec times,avg latency
resnet50,30,4,3310.5221910476685,200,16.552610955238343
vgg19,40,8,3450.4179191589355,73,47.26599889258816

model name,gpu resource,batchsize,total latency,real exec times,avg latency
resnet50,30,8,5789.357347488403,200,28.946786737442018
vgg19,40,8,5923.979866027832,122,48.55721201662158

model name,gpu resource,batchsize,total latency,real exec times,avg latency
resnet50,30,16,8985.039009094238,200,44.92519504547119
vgg19,40,8,9180.21406173706,181,50.71941470572962

model name,gpu resource,batchsize,total latency,real exec times,avg latency
resnet50,30,4,3552.423970222473,200,17.762119851112367
vgg19,40,16,3681.2539100646973,64,57.519592344760895

model name,gpu resource,batchsize,total latency,real exec times,avg latency
resnet50,30,8,6186.690233230591,200,30.933451166152953
vgg19,40,16,6350.547637939453,107,59.350912504107036

model name,gpu resource,batchsize,total latency,real exec times,avg latency
resnet50,30,16,9669.37467956543,200,48.346873397827146
vgg19,40,16,9871.667835235596,159,62.08596122789683

model name,gpu resource,batchsize,total latency,real exec times,avg latency
resnet50,40,4,2717.3813695907593,200,13.586906847953797
vgg19,40,4,2809.822805404663,99,28.38204853944104

model name,gpu resource,batchsize,total latency,real exec times,avg latency
resnet50,40,8,4376.134683609009,200,21.880673418045046
vgg19,40,4,4483.292768478394,151,29.690680585949625

model name,gpu resource,batchsize,total latency,real exec times,avg latency
vgg19,40,4,6276.4946365356445,200,31.382473182678222
resnet50,40,16,6143.784912109375,174,35.309108690283765

model name,gpu resource,batchsize,total latency,real exec times,avg latency
resnet50,40,4,2836.4843492507935,200,14.182421746253967
vgg19,40,8,2943.8983268737793,61,48.260628309406215

model name,gpu resource,batchsize,total latency,real exec times,avg latency
resnet50,40,8,4569.228437423706,200,22.84614218711853
vgg19,40,8,4712.86478805542,93,50.67596546296151

model name,gpu resource,batchsize,total latency,real exec times,avg latency
resnet50,40,16,7380.263034820557,200,36.901315174102784
vgg19,40,8,7579.114479064941,141,53.75258495790739

model name,gpu resource,batchsize,total latency,real exec times,avg latency
resnet50,40,4,3041.0624351501465,200,15.205312175750732
vgg19,40,16,3168.866928100586,54,58.68272089075159

model name,gpu resource,batchsize,total latency,real exec times,avg latency
resnet50,40,8,4882.1958866119385,200,24.410979433059694
vgg19,40,16,5045.117477416992,82,61.52582289532917

model name,gpu resource,batchsize,total latency,real exec times,avg latency
resnet50,40,16,7953.410354614258,200,39.76705177307129
vgg19,40,16,8152.021255493164,123,66.27659557311516

model name,gpu resource,batchsize,total latency,real exec times,avg latency
resnet50,50,4,2139.229598045349,200,10.696147990226745
vgg19,40,4,2236.160732269287,75,29.81547643025716

model name,gpu resource,batchsize,total latency,real exec times,avg latency
resnet50,50,8,3603.3363094329834,200,18.016681547164918
vgg19,40,4,3708.442050933838,118,31.42747500791388

model name,gpu resource,batchsize,total latency,real exec times,avg latency
resnet50,50,16,5982.317663192749,200,29.911588315963744
vgg19,40,4,6132.645475387573,181,33.882019201036314

model name,gpu resource,batchsize,total latency,real exec times,avg latency
resnet50,50,4,2211.3893756866455,200,11.056946878433228
vgg19,40,8,2266.5119018554688,45,50.36693115234375

model name,gpu resource,batchsize,total latency,real exec times,avg latency
resnet50,50,8,3760.2552700042725,200,18.80127635002136
vgg19,40,8,3903.1578941345215,73,53.467916358007145

model name,gpu resource,batchsize,total latency,real exec times,avg latency
resnet50,50,16,6254.763423919678,200,31.273817119598387
vgg19,40,8,6427.701560974121,111,57.90722127003713

model name,gpu resource,batchsize,total latency,real exec times,avg latency
resnet50,50,4,2338.208387374878,200,11.69104193687439
vgg19,40,16,2386.604969024658,39,61.19499920576047

model name,gpu resource,batchsize,total latency,real exec times,avg latency
resnet50,50,8,4050.743616104126,200,20.25371808052063
vgg19,40,16,4189.221279144287,64,65.45658248662949

model name,gpu resource,batchsize,total latency,real exec times,avg latency
resnet50,50,16,6747.02681350708,200,33.7351340675354
vgg19,40,16,6914.075531005859,97,71.27912918562741

model name,gpu resource,batchsize,total latency,real exec times,avg latency
resnet50,60,4,2118.0812730789185,200,10.590406365394593
vgg19,40,4,2208.5936336517334,74,29.845859914212614

model name,gpu resource,batchsize,total latency,real exec times,avg latency
resnet50,60,8,3337.5377368927,200,16.687688684463502
vgg19,40,4,3432.6696395874023,106,32.38367584516417

model name,gpu resource,batchsize,total latency,real exec times,avg latency
resnet50,60,16,5488.069013595581,200,27.440345067977905
vgg19,40,4,5631.42169380188,157,35.868927985999235

model name,gpu resource,batchsize,total latency,real exec times,avg latency
resnet50,60,4,2142.582939147949,200,10.712914695739746
vgg19,40,8,2253.3184661865234,44,51.211783322420985

model name,gpu resource,batchsize,total latency,real exec times,avg latency
resnet50,60,8,3500.129219055176,200,17.50064609527588
vgg19,40,8,3640.3201599121094,66,55.15636605927438

model name,gpu resource,batchsize,total latency,real exec times,avg latency
resnet50,60,16,5743.683835983276,200,28.71841917991638
vgg19,40,8,5878.742725372314,96,61.236903389294945

model name,gpu resource,batchsize,total latency,real exec times,avg latency
resnet50,60,4,2282.525887489319,200,11.412629437446594
vgg19,40,16,2352.9703941345215,38,61.92027352985583

model name,gpu resource,batchsize,total latency,real exec times,avg latency
resnet50,60,8,3763.4529914855957,200,18.81726495742798
vgg19,40,16,3899.7919921875,58,67.23779296875

model name,gpu resource,batchsize,total latency,real exec times,avg latency
resnet50,60,16,6221.445783615112,200,31.107228918075563
vgg19,40,16,6390.314300537109,85,75.18016824161305

model name,gpu resource,batchsize,total latency,real exec times,avg latency
vgg19,50,4,4176.597536087036,200,20.882987680435182
resnet50,10,4,4045.2258529663086,91,44.45303135127811

model name,gpu resource,batchsize,total latency,real exec times,avg latency
vgg19,50,4,4201.0409870147705,200,21.005204935073852
resnet50,10,8,3993.9255981445312,51,78.31226663028492

model name,gpu resource,batchsize,total latency,real exec times,avg latency
vgg19,50,4,4244.767869949341,200,21.223839349746704
resnet50,10,16,3923.135566711426,32,122.59798645973206

model name,gpu resource,batchsize,total latency,real exec times,avg latency
vgg19,50,8,7334.136344909668,200,36.67068172454834
resnet50,10,4,7190.623832702637,153,46.997541390213314

model name,gpu resource,batchsize,total latency,real exec times,avg latency
vgg19,50,8,7357.028781890869,200,36.78514390945435
resnet50,10,8,7075.444404602051,86,82.2726093558378

model name,gpu resource,batchsize,total latency,real exec times,avg latency
vgg19,50,8,7414.263759613037,200,37.071318798065185
resnet50,10,16,7058.170219421387,55,128.3303676258434

model name,gpu resource,batchsize,total latency,real exec times,avg latency
vgg19,50,16,9170.359046936035,200,45.851795234680175
resnet50,10,4,8977.49490737915,172,52.19473783359971

model name,gpu resource,batchsize,total latency,real exec times,avg latency
vgg19,50,16,9241.765846252441,200,46.20882923126221
resnet50,10,8,8974.193267822266,99,90.64841684668956

model name,gpu resource,batchsize,total latency,real exec times,avg latency
vgg19,50,16,9333.967491149902,200,46.66983745574951
resnet50,10,16,8925.136840820312,63,141.66883874317958

model name,gpu resource,batchsize,total latency,real exec times,avg latency
vgg19,50,4,4344.69446182251,200,21.723472309112548
resnet50,20,4,4238.549757003784,172,24.64273114537084

model name,gpu resource,batchsize,total latency,real exec times,avg latency
vgg19,50,4,4369.934597015381,200,21.849672985076904
resnet50,20,8,4233.576206207275,99,42.76339602229571

model name,gpu resource,batchsize,total latency,real exec times,avg latency
vgg19,50,4,4460.238586425781,200,22.301192932128906
resnet50,20,16,4281.482940673828,64,66.89817094802856

model name,gpu resource,batchsize,total latency,real exec times,avg latency
resnet50,20,4,5236.46205329895,200,26.182310266494753
vgg19,50,8,5369.908226013184,142,37.8162551127689

model name,gpu resource,batchsize,total latency,real exec times,avg latency
vgg19,50,8,7643.577919006348,200,38.217889595031735
resnet50,20,8,7472.2971534729,165,45.286649414987274

model name,gpu resource,batchsize,total latency,real exec times,avg latency
vgg19,50,8,7793.44779586792,200,38.9672389793396
resnet50,20,16,7579.994331359863,107,70.8410685173819

model name,gpu resource,batchsize,total latency,real exec times,avg latency
resnet50,20,4,5812.808603286743,200,29.064043016433715
vgg19,50,16,5955.388328552246,126,47.26498673454164

model name,gpu resource,batchsize,total latency,real exec times,avg latency
vgg19,50,16,9615.109001159668,200,48.07554500579834
resnet50,20,8,9429.275344848633,188,50.15571991940762

model name,gpu resource,batchsize,total latency,real exec times,avg latency
vgg19,50,16,9851.132598876953,200,49.255662994384764
resnet50,20,16,9637.630336761475,122,78.99696997345471

model name,gpu resource,batchsize,total latency,real exec times,avg latency
resnet50,30,4,3347.502824783325,200,16.737514123916625
vgg19,50,4,3442.6702995300293,152,22.649146707434404

model name,gpu resource,batchsize,total latency,real exec times,avg latency
vgg19,50,4,4623.180892944336,200,23.11590446472168
resnet50,30,8,4516.958013534546,155,29.14166460344868

model name,gpu resource,batchsize,total latency,real exec times,avg latency
vgg19,50,4,4797.882564544678,200,23.989412822723388
resnet50,30,16,4675.896530151367,104,44.96054355914776

model name,gpu resource,batchsize,total latency,real exec times,avg latency
resnet50,30,4,3551.466911315918,200,17.75733455657959
vgg19,50,8,3675.6073417663574,94,39.102205763471886

model name,gpu resource,batchsize,total latency,real exec times,avg latency
resnet50,30,8,6187.864549636841,200,30.939322748184203
vgg19,50,8,6325.239902496338,157,40.288152245199605

model name,gpu resource,batchsize,total latency,real exec times,avg latency
vgg19,50,8,8399.967895507812,200,41.99983947753906
resnet50,30,16,8232.975204467773,172,47.866134909696356

model name,gpu resource,batchsize,total latency,real exec times,avg latency
resnet50,30,4,3956.2386226654053,200,19.781193113327028
vgg19,50,16,4065.4886589050293,83,48.98179107114493

model name,gpu resource,batchsize,total latency,real exec times,avg latency
resnet50,30,8,6856.200113296509,200,34.28100056648255
vgg19,50,16,7027.02071762085,139,50.554105882164386

model name,gpu resource,batchsize,total latency,real exec times,avg latency
vgg19,50,16,10606.718933105469,200,53.033594665527346
resnet50,30,16,10412.358657836914,194,53.67195184452017

model name,gpu resource,batchsize,total latency,real exec times,avg latency
resnet50,40,4,2877.1050882339478,200,14.385525441169738
vgg19,50,4,2975.9052562713623,128,23.249259814620018

model name,gpu resource,batchsize,total latency,real exec times,avg latency
resnet50,40,8,4597.195007324219,200,22.985975036621095
vgg19,50,4,4711.7453956604,195,24.162796900822567

model name,gpu resource,batchsize,total latency,real exec times,avg latency
vgg19,50,4,5104.045749664307,200,25.520228748321532
resnet50,40,16,4978.304458618164,135,36.876329323097515

model name,gpu resource,batchsize,total latency,real exec times,avg latency
resnet50,40,4,3051.3310747146606,200,15.256655373573302
vgg19,50,8,3169.22562789917,79,40.11678009998949

model name,gpu resource,batchsize,total latency,real exec times,avg latency
resnet50,40,8,4884.143695831299,200,24.420718479156495
vgg19,50,8,5017.493618011475,119,42.16381191606281

model name,gpu resource,batchsize,total latency,real exec times,avg latency
resnet50,40,16,7864.069595336914,200,39.32034797668457
vgg19,50,8,8029.853332519531,180,44.61029629177517

model name,gpu resource,batchsize,total latency,real exec times,avg latency
resnet50,40,4,3406.5970697402954,200,17.032985348701477
vgg19,50,16,3512.3921546936035,70,50.177030781337194

model name,gpu resource,batchsize,total latency,real exec times,avg latency
resnet50,40,8,5432.500047683716,200,27.16250023841858
vgg19,50,16,5595.2430992126465,106,52.78531225672308

model name,gpu resource,batchsize,total latency,real exec times,avg latency
resnet50,40,16,8821.330116271973,200,44.106650581359865
vgg19,50,16,9017.080081939697,160,56.35675051212311

model name,gpu resource,batchsize,total latency,real exec times,avg latency
resnet50,50,4,2213.6206789016724,200,11.068103394508363
vgg19,50,4,2287.50364112854,93,24.596813345468174

model name,gpu resource,batchsize,total latency,real exec times,avg latency
resnet50,50,8,3775.639284133911,200,18.878196420669557
vgg19,50,4,3882.6081829071045,152,25.54347488754674

model name,gpu resource,batchsize,total latency,real exec times,avg latency
vgg19,50,4,5501.636610031128,200,27.50818305015564
resnet50,50,16,5377.705213546753,172,31.265727985736934

model name,gpu resource,batchsize,total latency,real exec times,avg latency
resnet50,50,4,2313.1497621536255,200,11.565748810768127
vgg19,50,8,2423.6005477905273,58,41.78621634121599

model name,gpu resource,batchsize,total latency,real exec times,avg latency
resnet50,50,8,4019.6152725219727,200,20.098076362609863
vgg19,50,8,4126.6376304626465,93,44.372447639383296

model name,gpu resource,batchsize,total latency,real exec times,avg latency
resnet50,50,16,6672.788125991821,200,33.3639406299591
vgg19,50,8,6823.396373748779,142,48.05208713907591

model name,gpu resource,batchsize,total latency,real exec times,avg latency
resnet50,50,4,2599.213180541992,200,12.996065902709962
vgg19,50,16,2653.7923278808594,51,52.03514368393842

model name,gpu resource,batchsize,total latency,real exec times,avg latency
resnet50,50,8,4491.3534507751465,200,22.456767253875732
vgg19,50,16,4624.1249923706055,83,55.712349305669946

model name,gpu resource,batchsize,total latency,real exec times,avg latency
resnet50,50,16,7471.692790985107,200,37.35846395492554
vgg19,50,16,7643.389495849609,126,60.66182139563182

model name,gpu resource,batchsize,total latency,real exec times,avg latency
vgg19,60,4,3728.1072998046875,200,18.640536499023437
resnet50,10,4,3583.0204582214355,77,46.53273322365501

model name,gpu resource,batchsize,total latency,real exec times,avg latency
vgg19,60,4,3732.812994003296,200,18.66406497001648
resnet50,10,8,3495.592819213867,43,81.29285626078762

model name,gpu resource,batchsize,total latency,real exec times,avg latency
vgg19,60,4,3759.54372215271,200,18.79771861076355
resnet50,10,16,3424.8221740722656,27,126.8452657063802

model name,gpu resource,batchsize,total latency,real exec times,avg latency
vgg19,60,8,6617.066822052002,200,33.08533411026001
resnet50,10,4,6426.1796951293945,130,49.432151500995346

model name,gpu resource,batchsize,total latency,real exec times,avg latency
vgg19,60,8,6650.251461029053,200,33.251257305145266
resnet50,10,8,6409.540542602539,74,86.61541273787215

model name,gpu resource,batchsize,total latency,real exec times,avg latency
vgg19,60,8,6693.108940124512,200,33.46554470062256
resnet50,10,16,6339.618942260742,47,134.88550940980303

model name,gpu resource,batchsize,total latency,real exec times,avg latency
vgg19,60,16,8517.98163986206,200,42.5899081993103
resnet50,10,4,8316.369110107422,147,56.573939524540286

model name,gpu resource,batchsize,total latency,real exec times,avg latency
vgg19,60,16,8559.717945098877,200,42.79858972549439
resnet50,10,8,8284.817604064941,85,97.46844240076402

model name,gpu resource,batchsize,total latency,real exec times,avg latency
vgg19,60,16,8657.566402435303,200,43.287832012176516
resnet50,10,16,8163.924896240234,53,154.03631879698554

model name,gpu resource,batchsize,total latency,real exec times,avg latency
vgg19,60,4,3864.016180038452,200,19.32008090019226
resnet50,20,4,3761.9516468048096,146,25.766792101402807

model name,gpu resource,batchsize,total latency,real exec times,avg latency
vgg19,60,4,3900.6000690460205,200,19.503000345230102
resnet50,20,8,3758.966781616211,84,44.74960454305013

model name,gpu resource,batchsize,total latency,real exec times,avg latency
vgg19,60,4,3958.656505584717,200,19.793282527923584
resnet50,20,16,3759.0394134521484,54,69.6118409898546

model name,gpu resource,batchsize,total latency,real exec times,avg latency
resnet50,20,4,5529.490493774414,200,27.64745246887207
vgg19,60,8,5682.346912384033,167,34.02602941547325

model name,gpu resource,batchsize,total latency,real exec times,avg latency
vgg19,60,8,6889.559272766113,200,34.44779636383057
resnet50,20,8,6746.7907066345215,142,47.512610610102264

model name,gpu resource,batchsize,total latency,real exec times,avg latency
vgg19,60,8,7035.728706359863,200,35.17864353179932
resnet50,20,16,6794.017379760742,91,74.65953164572244

model name,gpu resource,batchsize,total latency,real exec times,avg latency
resnet50,20,4,6367.408954620361,200,31.837044773101805
vgg19,60,16,6523.429908752441,149,43.78140878357343

model name,gpu resource,batchsize,total latency,real exec times,avg latency
vgg19,60,16,8896.539558410645,200,44.48269779205322
resnet50,20,8,8714.860622406006,161,54.129569083267114

model name,gpu resource,batchsize,total latency,real exec times,avg latency
vgg19,60,16,9108.172985076904,200,45.54086492538452
resnet50,20,16,8839.546173095703,103,85.82083663199712

model name,gpu resource,batchsize,total latency,real exec times,avg latency
resnet50,30,4,3486.6839122772217,200,17.43341956138611
vgg19,60,4,3576.3092823028564,178,20.091625181476722

model name,gpu resource,batchsize,total latency,real exec times,avg latency
vgg19,60,4,4094.2684955596924,200,20.471342477798462
resnet50,30,8,3991.7256240844727,132,30.240345637003582

model name,gpu resource,batchsize,total latency,real exec times,avg latency
vgg19,60,4,4274.422079086304,200,21.37211039543152
resnet50,30,16,4126.412124633789,88,46.891046870838515

model name,gpu resource,batchsize,total latency,real exec times,avg latency
resnet50,30,4,3739.1196842193604,200,18.6955984210968
vgg19,60,8,3841.0412635803223,109,35.23891067504883

model name,gpu resource,batchsize,total latency,real exec times,avg latency
resnet50,30,8,6473.873441696167,200,32.36936720848084
vgg19,60,8,6622.637008666992,183,36.18927327140433

model name,gpu resource,batchsize,total latency,real exec times,avg latency
vgg19,60,8,7537.742275238037,200,37.688711376190184
resnet50,30,16,7361.836029052734,147,50.08051720444037

model name,gpu resource,batchsize,total latency,real exec times,avg latency
resnet50,30,4,4312.793825149536,200,21.56396912574768
vgg19,60,16,4435.961975097656,98,45.26491811324139

model name,gpu resource,batchsize,total latency,real exec times,avg latency
resnet50,30,8,7417.570266723633,200,37.08785133361816
vgg19,60,16,7619.371421813965,163,46.744609949778926

model name,gpu resource,batchsize,total latency,real exec times,avg latency
vgg19,60,16,9790.824577331543,200,48.954122886657714
resnet50,30,16,9606.2465133667,166,57.86895489979939

model name,gpu resource,batchsize,total latency,real exec times,avg latency
resnet50,40,4,2990.725058555603,200,14.953625292778016
vgg19,60,4,3085.7241172790527,150,20.571494115193683

model name,gpu resource,batchsize,total latency,real exec times,avg latency
vgg19,60,4,4288.675531387329,200,21.443377656936647
resnet50,40,8,4193.672515869141,176,23.82768474925648

model name,gpu resource,batchsize,total latency,real exec times,avg latency
vgg19,60,4,4537.255977630615,200,22.686279888153077
resnet50,40,16,4419.5554122924805,115,38.430916628630264

model name,gpu resource,batchsize,total latency,real exec times,avg latency
resnet50,40,4,3202.61661529541,200,16.013083076477052
vgg19,60,8,3307.9209060668945,92,35.95566202246624

model name,gpu resource,batchsize,total latency,real exec times,avg latency
resnet50,40,8,5122.954483032227,200,25.614772415161134
vgg19,60,8,5249.2056312561035,139,37.76406928961226

model name,gpu resource,batchsize,total latency,real exec times,avg latency
vgg19,60,8,8016.797142028809,200,40.08398571014404
resnet50,40,16,7885.401329040527,192,41.06979858875275

model name,gpu resource,batchsize,total latency,real exec times,avg latency
resnet50,40,4,3666.194457054138,200,18.33097228527069
vgg19,60,16,3783.350143432617,82,46.138416383324596

model name,gpu resource,batchsize,total latency,real exec times,avg latency
resnet50,40,8,5832.287071228027,200,29.161435356140135
vgg19,60,16,5993.979633331299,123,48.73154173440081

model name,gpu resource,batchsize,total latency,real exec times,avg latency
resnet50,40,16,9472.424808502197,200,47.362124042510985
vgg19,60,16,9709.149536132812,187,51.920585754720925

model name,gpu resource,batchsize,total latency,real exec times,avg latency
vgg19,70,4,3386.3316688537598,200,16.931658344268797
resnet50,10,4,3255.7398834228516,67,48.59313258840077

model name,gpu resource,batchsize,total latency,real exec times,avg latency
vgg19,70,4,3398.05055809021,200,16.99025279045105
resnet50,10,8,3139.2380599975586,37,84.84427189182591

model name,gpu resource,batchsize,total latency,real exec times,avg latency
vgg19,70,4,3422.573310852051,200,17.112866554260254
resnet50,10,16,3039.4372940063477,23,132.14944756549338

model name,gpu resource,batchsize,total latency,real exec times,avg latency
vgg19,70,8,6210.975769042969,200,31.054878845214844
resnet50,10,4,6027.429355621338,115,52.41242917931598

model name,gpu resource,batchsize,total latency,real exec times,avg latency
vgg19,70,8,6286.32119178772,200,31.431605958938597
resnet50,10,8,6050.268760681152,66,91.67073879819928

model name,gpu resource,batchsize,total latency,real exec times,avg latency
vgg19,70,8,6275.323461532593,200,31.376617307662965
resnet50,10,16,5916.440612792969,42,140.86763363792784

model name,gpu resource,batchsize,total latency,real exec times,avg latency
vgg19,70,16,8214.357654571533,200,41.07178827285767
resnet50,10,4,8031.515148162842,131,61.309275940174366

model name,gpu resource,batchsize,total latency,real exec times,avg latency
vgg19,70,16,8246.348136901855,200,41.231740684509276
resnet50,10,8,7938.748832702637,76,104.45722148292943

model name,gpu resource,batchsize,total latency,real exec times,avg latency
vgg19,70,16,8349.737037658691,200,41.74868518829346
resnet50,10,16,7835.492446899414,47,166.71260525317902

model name,gpu resource,batchsize,total latency,real exec times,avg latency
vgg19,70,4,3505.325672149658,200,17.52662836074829
resnet50,20,4,3407.258752822876,127,26.82880907734548

model name,gpu resource,batchsize,total latency,real exec times,avg latency
vgg19,70,4,3516.2930870056152,200,17.581465435028075
resnet50,20,8,3376.3783073425293,73,46.25175763482917

model name,gpu resource,batchsize,total latency,real exec times,avg latency
vgg19,70,4,3579.0840911865234,200,17.895420455932616
resnet50,20,16,3382.275459289551,47,71.96330764445852

model name,gpu resource,batchsize,total latency,real exec times,avg latency
resnet50,20,4,5807.35894203186,200,29.036794710159302
vgg19,70,8,5938.423175811768,186,31.927006321568644

model name,gpu resource,batchsize,total latency,real exec times,avg latency
vgg19,70,8,6476.553565979004,200,32.382767829895016
resnet50,20,8,6323.742931365967,127,49.79325142807848

model name,gpu resource,batchsize,total latency,real exec times,avg latency
vgg19,70,8,6641.207103729248,200,33.20603551864624
resnet50,20,16,6417.675857543945,82,78.26433972614568

model name,gpu resource,batchsize,total latency,real exec times,avg latency
resnet50,20,4,6792.920766830444,200,33.96460383415222
vgg19,70,16,6963.2222900390625,165,42.20134721235795

model name,gpu resource,batchsize,total latency,real exec times,avg latency
vgg19,70,16,8581.167850494385,200,42.90583925247192
resnet50,20,8,8380.811115264893,145,57.79869734665443

model name,gpu resource,batchsize,total latency,real exec times,avg latency
vgg19,70,16,8814.05305480957,200,44.07026527404785
resnet50,20,16,8563.160446166992,94,91.097451554968

model name,gpu resource,batchsize,total latency,real exec times,avg latency
vgg19,70,4,3601.708164215088,200,18.00854082107544
resnet50,30,4,3516.690818786621,197,17.85122243038894

model name,gpu resource,batchsize,total latency,real exec times,avg latency
vgg19,70,4,3691.7046394348145,200,18.458523197174074
resnet50,30,8,3595.830904006958,115,31.268094817451807

model name,gpu resource,batchsize,total latency,real exec times,avg latency
vgg19,70,4,3846.939193725586,200,19.23469596862793
resnet50,30,16,3715.548427581787,77,48.25387568288035

model name,gpu resource,batchsize,total latency,real exec times,avg latency
resnet50,30,4,3939.453275680542,200,19.69726637840271
vgg19,70,8,4041.2462768554688,122,33.124969482421875

model name,gpu resource,batchsize,total latency,real exec times,avg latency
vgg19,70,8,6836.443058013916,200,34.18221529006958
resnet50,30,8,6699.038570404053,197,34.00527193098504

model name,gpu resource,batchsize,total latency,real exec times,avg latency
vgg19,70,8,7169.58931350708,200,35.8479465675354
resnet50,30,16,7015.857822418213,134,52.35714792849413

model name,gpu resource,batchsize,total latency,real exec times,avg latency
resnet50,30,4,4598.901596069336,200,22.99450798034668
vgg19,70,16,4754.606521606445,109,43.62024331749032

model name,gpu resource,batchsize,total latency,real exec times,avg latency
resnet50,30,8,7882.688457489014,200,39.413442287445065
vgg19,70,16,8059.352596282959,178,45.27726177687055

model name,gpu resource,batchsize,total latency,real exec times,avg latency
vgg19,70,16,9503.219223022461,200,47.516096115112305
resnet50,30,16,9285.149452209473,151,61.49105597489717

model name,gpu resource,batchsize,total latency,real exec times,avg latency
vgg19,80,4,3188.281636238098,200,15.941408181190491
resnet50,10,4,3042.2613105773926,60,50.70435517628987

model name,gpu resource,batchsize,total latency,real exec times,avg latency
vgg19,80,4,3195.4350986480713,200,15.977175493240356
resnet50,10,8,2980.5890579223633,34,87.6643840565401

model name,gpu resource,batchsize,total latency,real exec times,avg latency
vgg19,80,4,3222.618013381958,200,16.11309006690979
resnet50,10,16,2877.9324111938477,21,137.04440053304037

model name,gpu resource,batchsize,total latency,real exec times,avg latency
vgg19,80,8,5724.394823074341,200,28.621974115371703
resnet50,10,4,5552.014804840088,99,56.080957624647354

model name,gpu resource,batchsize,total latency,real exec times,avg latency
vgg19,80,8,5755.445817947388,200,28.777229089736938
resnet50,10,8,5453.538642883301,56,97.38461862291608

model name,gpu resource,batchsize,total latency,real exec times,avg latency
vgg19,80,8,5790.337226867676,200,28.951686134338377
resnet50,10,16,5318.581268310547,35,151.95946480887278

model name,gpu resource,batchsize,total latency,real exec times,avg latency
vgg19,80,16,7747.441268920898,200,38.737206344604495
resnet50,10,4,7499.756786346436,111,67.56537645357149

model name,gpu resource,batchsize,total latency,real exec times,avg latency
vgg19,80,16,7813.3449630737305,200,39.06672481536865
resnet50,10,8,7467.546287536621,64,116.6804107427597

model name,gpu resource,batchsize,total latency,real exec times,avg latency
vgg19,80,16,7883.017417907715,200,39.415087089538574
resnet50,10,16,7385.50212097168,41,180.13419807248

model name,gpu resource,batchsize,total latency,real exec times,avg latency
vgg19,80,4,3285.3318395614624,200,16.42665919780731
resnet50,20,4,3183.2530555725098,114,27.923272417302716

model name,gpu resource,batchsize,total latency,real exec times,avg latency
vgg19,80,4,3316.88191986084,200,16.5844095993042
resnet50,20,8,3182.0746269226074,66,48.21325192306981

model name,gpu resource,batchsize,total latency,real exec times,avg latency
vgg19,80,4,3373.42684173584,200,16.8671342086792
resnet50,20,16,3157.4582748413086,42,75.17757797241211

model name,gpu resource,batchsize,total latency,real exec times,avg latency
vgg19,80,8,5905.429946899414,200,29.52714973449707
resnet50,20,4,5779.461528778076,185,31.240332587989602

model name,gpu resource,batchsize,total latency,real exec times,avg latency
vgg19,80,8,5979.585361480713,200,29.897926807403564
resnet50,20,8,5791.025928497314,108,53.62061044904921

model name,gpu resource,batchsize,total latency,real exec times,avg latency
vgg19,80,8,6112.9914474487305,200,30.564957237243654
resnet50,20,16,5867.611038208008,70,83.82301483154296

model name,gpu resource,batchsize,total latency,real exec times,avg latency
resnet50,20,4,7542.164691925049,200,37.710823459625246
vgg19,80,16,7743.410373687744,194,39.91448646230796

model name,gpu resource,batchsize,total latency,real exec times,avg latency
vgg19,80,16,8112.295196533203,200,40.56147598266602
resnet50,20,8,7884.053630828857,124,63.581077667974654

model name,gpu resource,batchsize,total latency,real exec times,avg latency
vgg19,80,16,8326.296566009521,200,41.63148283004761
resnet50,20,16,8021.0887451171875,80,100.26360931396485

model name,gpu resource,batchsize,total latency,real exec times,avg latency
vgg19,90,4,3008.0080909729004,200,15.040040454864503
resnet50,10,4,2837.613151550293,54,52.5483916953758

model name,gpu resource,batchsize,total latency,real exec times,avg latency
vgg19,90,4,3018.6334648132324,200,15.093167324066162
resnet50,10,8,2733.035659790039,30,91.10118865966797

model name,gpu resource,batchsize,total latency,real exec times,avg latency
vgg19,90,4,3026.811966896057,200,15.134059834480286
resnet50,10,16,2672.5632400512695,19,140.66122316059312

model name,gpu resource,batchsize,total latency,real exec times,avg latency
vgg19,90,8,5265.935585021973,200,26.329677925109863
resnet50,10,4,5080.875141143799,93,54.63306603380429

model name,gpu resource,batchsize,total latency,real exec times,avg latency
vgg19,90,8,5272.375581741333,200,26.361877908706663
resnet50,10,8,5005.374961853027,53,94.44103701609485

model name,gpu resource,batchsize,total latency,real exec times,avg latency
vgg19,90,8,5329.337984085083,200,26.646689920425416
resnet50,10,16,4876.905502319336,33,147.78501522179806

model name,gpu resource,batchsize,total latency,real exec times,avg latency
vgg19,90,16,7331.876575469971,200,36.659382877349856
resnet50,10,4,7093.017929077148,107,66.28988718763691

model name,gpu resource,batchsize,total latency,real exec times,avg latency
vgg19,90,16,7364.52551651001,200,36.82262758255005
resnet50,10,8,7040.624038696289,62,113.55845223703692

model name,gpu resource,batchsize,total latency,real exec times,avg latency
vgg19,90,16,7437.435222625732,200,37.187176113128665
resnet50,10,16,6929.398056030273,39,177.67687323154547

